Name,Company Domain Name,City,State/Region,Country/Region,Industry,Description,Annual Revenue,Number of Employees,Client Tier,Industry Tier,Ownership Type,Founding Year,World Market Leader,Pipeline Priority Score,In Pipeline,Already in DB,Data Completeness %,Source Lists,Source Count,Target Contact Role
TenCate,tencate.com,Nijverdal,Overijssel,Netherlands,Technical Textiles / Defense Composites,"Technical textiles for defense, aerospace composites, protective clothing, and geosynthetics.",500000000,700,3,tier1,Private,1704,Yes - world leader in antiballistic protection fabrics,90,False,False,100,NL_Manufacturing,1,Head of Sales / VP Sales
OCI Nitrogen,oci-global.com,Geleen,Limburg,Netherlands,Chemicals / Nitrogen / Fertilizers,Leading European nitrogen fertilizer and world's largest melamine producer at Chemelot campus.,1000000000,800,3,tier1,Public (Euronext),1929,Yes - world's largest melamine producer,90,False,False,100,NL_Manufacturing,1,Head of Sales / VP Sales
Bronkhorst High-Tech,bronkhorst.com,Ruurlo,Gelderland,Netherlands,Flow Measurement Instrumentation,World-leading manufacturer of mass flow meters and controllers for gases and liquids.,100000000,500,3,tier1,Private,1981,Yes - world leader in low-flow mass flow measurement,90,False,False,100,NL_Manufacturing,1,Head of Sales / VP Sales
SIF Group,sfrholding.com,Roermond,Limburg,Netherlands,Offshore Wind Foundations,Produces monopiles for offshore wind turbines at Roermond and Maasvlakte facilities.,400000000,600,3,tier1,Public (Euronext),1948,Yes - top-3 global offshore wind monopile producer,90,False,False,100,NL_Manufacturing,1,Head of Sales / VP Sales
Photonis Netherlands,photonis.com,Roden,Drenthe,Netherlands,Defense / Night Vision,Supplies 68% of global demand for night vision image intensifier tubes.,200000000,500,3,tier1,Private,1937,Yes - 68% global demand for night vision tubes,90,False,False,100,NL_Manufacturing,1,Head of Sales / VP Sales
Bollegraaf Recycling Machinery,bollegraaf.com,Appingedam,Groningen,Netherlands,Recycling Machinery,World leader in designing and producing turnkey recycling solutions.,50000000,228,4,tier1,Private,1961,Yes - world leader in recycling sorting systems,85,False,False,100,NL_Manufacturing,1,CEO / Managing Director
BE Semiconductor Industries (Besi),besi.com,Duiven,Gelderland,Netherlands,Semiconductor Assembly Equipment,"Designs and manufactures semiconductor assembly equipment for die attach, packaging, and plating. 39% global market share.",607500000,1800,2,tier1,Public (Euronext),1995,Yes - 39% global Die Bonder market,80,False,False,100,NL_Manufacturing,1,Head of Sales / VP Sales
VMI Group,vmi-group.com,Epe,Gelderland,Netherlands,Tire Building Machinery,20% of the 1.2 billion tires produced yearly worldwide are manufactured on VMI machines.,500000000,1000,2,tier1,Subsidiary (TKH Group),1945,Yes - world market leader in tire building systems,80,False,False,100,NL_Manufacturing,1,Head of Sales / VP Sales
Royal IHC,royalihc.com,Kinderdijk,Zuid-Holland,Netherlands,Shipbuilding / Dredging Equipment,Develops and constructs specialized ships and equipment for dredging and offshore industries.,436000000,3000,2,tier1,Private consortium,1943,Yes - world leader in dredging vessel design,80,False,False,100,NL_Manufacturing,1,Head of Sales / VP Sales
Lely Industries,lely.com,Maassluis,Zuid-Holland,Netherlands,Agricultural Robotics / Dairy Equipment,"World-leading dairy robot manufacturer with 135,000+ robots deployed globally.",400000000,2000,2,tier1,Family-owned,1948,Yes - world market leader in robotic milking systems,80,False,False,100,NL_Manufacturing,1,Head of Sales / VP Sales
Stahl Holdings,stahl.com,Waalwijk,Noord-Brabant,Netherlands,Specialty Chemicals / Coatings,Global leader in specialty coatings for flexible materials including leather and textiles.,600000000,1900,2,tier1,PE-backed,1930,Yes - world market leader in leather processing chemicals,80,False,False,100,NL_Manufacturing,1,Head of Sales / VP Sales
Lamb Weston / Meijer,lambweston.eu,Kruiningen,Zeeland,Netherlands,Food Processing / Potato Products,"One of world's largest potato processors. 700,000+ tonne capacity at 4 Dutch factories.",1500000000,1400,2,tier1,JV (Lamb Weston / Meijer),1958,Yes - top-3 global potato processor,80,False,False,100,NL_Manufacturing,1,Head of Sales / VP Sales
ASM International,asm.com,Almere,Flevoland,Netherlands,Semiconductor Equipment,Designs and manufactures semiconductor process equipment including ALD and epitaxy tools for AI and EV chip fabrication.,2900000000,4558,1,tier1,Public (Euronext),1968,Yes - global leader in ALD equipment,75,False,False,100,NL_Manufacturing,1,Head of Sales / VP Sales
Nexperia,nexperia.com,Nijmegen,Gelderland,Netherlands,Semiconductor Manufacturing,Produces essential discrete components shipping 100B+ products annually for automotive and industrial.,1900000000,12500,1,tier1,Private,2017,Yes - one of world's largest discrete semiconductor producers,75,False,False,100,NL_Manufacturing,1,Head of Sales / VP Sales
NTS Group,nts-group.com,Eindhoven,Noord-Brabant,Netherlands,Precision Manufacturing,First-tier contract manufacturer of precision machine components for semiconductor and analytical OEMs.,180000000,1800,3,tier1,Private (NPM Capital),1987,No,75,False,False,100,NL_Manufacturing,1,Head of Sales / VP Sales
KMWE Group,kmwe.com,Eindhoven,Noord-Brabant,Netherlands,Precision Manufacturing / Aerospace,Precision machining specialist for aerospace OEMs and high-tech equipment industry (ASML).,100000000,880,3,tier1,Private,1955,No,75,False,False,100,NL_Manufacturing,1,Head of Sales / VP Sales
Sioux Technologies,sioux.eu,Eindhoven,Noord-Brabant,Netherlands,High-Tech Systems / Mechatronics,"Strategic high-tech solutions partner for ASML, Philips, Thermo Fisher, and Zeiss.",150000000,1200,3,tier1,Private,1996,No,75,False,False,100,NL_Manufacturing,1,Head of Sales / VP Sales
Demcon,demcon.com,Enschede,Overijssel,Netherlands,High-Tech Systems / Engineering,"Develops and produces high-tech technology for healthcare, energy, production, and semiconductor sectors.",185000000,1000,3,tier1,Private,1993,No,75,False,False,100,NL_Manufacturing,1,Head of Sales / VP Sales
Aalberts Industries,aalberts.com,Utrecht,Utrecht,Netherlands,Industrial Manufacturing / Flow Control,"Mission-critical technologies: flow control, surface technologies, semiconductor equipment. 135 locations.",3000000000,14402,1,tier1,Public (Euronext),1975,Yes - leading global position in flow control,75,False,False,100,NL_Manufacturing,1,Head of Sales / VP Sales
Inalfa Roof Systems,inalfa.com,Venray,Limburg,Netherlands,Automotive Supplier / Roof Systems,"Designs, develops and manufactures automotive roof systems for world's largest car brands.",1350000000,5000,1,tier1,Private (BAIC Group),1946,Yes - world market leader in automotive roof systems,75,False,False,100,NL_Manufacturing,1,Head of Sales / VP Sales
Vanderlande Industries,vanderlande.com,Veghel,Noord-Brabant,Netherlands,Logistics Automation / Material Handling,World-leading supplier of baggage handling systems for 600+ airports and automated warehouse solutions.,2100000000,9000,1,tier1,Subsidiary (Toyota Industries),1949,Yes - world leader in airport baggage handling,75,False,False,100,NL_Manufacturing,1,Head of Sales / VP Sales
Damen Shipyards Group,damen.com,Gorinchem,Zuid-Holland,Netherlands,Shipbuilding / Defense / Maritime,Netherlands' largest shipbuilding group with 50+ shipyards delivering 150+ vessels annually.,3000000000,12500,1,tier1,Family-owned,1927,Yes - world leader in standardized shipbuilding,75,False,False,100,NL_Manufacturing,1,Head of Sales / VP Sales
Boskalis,boskalis.com,Papendrecht,Zuid-Holland,Netherlands,Dredging / Maritime Infrastructure,"Leading global services provider in dredging, maritime infrastructure, and offshore energy support.",4400000000,6719,1,tier1,Private (HAL Investments),1910,Yes - one of world's largest dredging companies,75,False,False,100,NL_Manufacturing,1,Head of Sales / VP Sales
Heerema Marine Contractors,heerema.com,Leiden,Zuid-Holland,Netherlands,Offshore Construction / Heavy Lift,Operates three of the largest crane vessels in the offshore industry.,4500000000,3761,1,tier1,Private (Heerema family),1948,Yes - operates world's largest semi-submersible crane vessels,75,False,False,100,NL_Manufacturing,1,Head of Sales / VP Sales
Huisman Equipment,huismanequipment.com,Schiedam,Zuid-Holland,Netherlands,Heavy Lift Cranes / Offshore Equipment,Designs and manufactures heavy lifting equipment for renewable energy and offshore.,680000000,2200,1,tier1,Private,1929,Yes - world leader in heavy-lift crane design,75,False,False,100,NL_Manufacturing,1,Head of Sales / VP Sales
Koninklijke Vopak,vopak.com,Rotterdam,Zuid-Holland,Netherlands,Industrial Tank Storage,"World's leading independent tank storage company for chemicals, oil, gases, LNG, and biofuels.",1300000000,5618,1,tier1,Public (Euronext),1616,Yes - world's largest independent tank storage company,75,False,False,100,NL_Manufacturing,1,Head of Sales / VP Sales
Thales Nederland,thalesgroup.com,Hengelo,Overijssel,Netherlands,Defense Electronics / Naval Radar,"Manufactures naval defense systems including sensors, radars, IR systems and air defense.",800000000,2800,1,tier1,Subsidiary (Thales Group),1922,Yes - world leader in naval radar,75,False,False,100,NL_Manufacturing,1,Head of Sales / VP Sales
Marel / JBT Marel,jbtmarel.com,Boxmeer,Noord-Brabant,Netherlands,Food Processing Equipment,"Major food processing equipment manufacturer for poultry, meat, and fish industries.",1000000000,2000,1,tier1,Subsidiary (JBT Marel),1963,Yes - one of top-2 global food processing equipment companies,75,False,False,100,NL_Manufacturing,1,Head of Sales / VP Sales
Wavin,wavin.com,Zwolle,Overijssel,Netherlands,Plastics / Pipe Systems,Global manufacturer of plastic pipes and fittings for drainage and water supply.,800000000,3000,1,tier1,Subsidiary (Orbia),1955,Yes - European market leader in plastic piping,75,False,False,100,NL_Manufacturing,1,Head of Sales / VP Sales
AWL-Techniek,awl.nl,Harderwijk,Gelderland,Netherlands,Robotic Welding / Automation,"Global system integrator for robotic welding, material handling and logistics automation.",148000000,750,3,tier1,Private,1993,No,75,False,False,100,NL_Manufacturing,1,Head of Sales / VP Sales
Fugro,fugro.com,Leidschendam,Zuid-Holland,Netherlands,Geo-data / Marine Survey,"World's leading geo-data specialist for offshore energy, infrastructure and construction.",2100000000,11219,1,tier1,Public (Euronext),1962,Yes - world leader in marine geo-data,75,False,False,100,NL_Manufacturing,1,Head of Sales / VP Sales
Royal Cosun,cosun.com,Breda,Noord-Brabant,Netherlands,Food Processing / Agri-Industrial,"Cooperative with Sensus (chicory inulin), Aviko (potato) and SVZ (fruit/veg).",2300000000,4100,1,tier1,Cooperative,1899,Yes - world leader in chicory root inulin,75,False,False,100,NL_Manufacturing,1,Head of Sales / VP Sales
Voortman Steel Machinery,voortman.net,Rijssen,Overijssel,Netherlands,Steel Processing Machinery,CNC-controlled machines for steel construction industry.,200000000,550,3,tier1,Family-owned,1969,No,75,False,False,100,NL_Manufacturing,1,Head of Sales / VP Sales
Nooteboom Trailers,nooteboom.com,Wijchen,Gelderland,Netherlands,Trailer Manufacturing (Heavy Transport),European market leader in abnormal road transport vehicles. Payload 20-200 tonnes.,100000000,500,3,tier1,Family-owned,1881,No,75,False,False,100,NL_Manufacturing,1,Head of Sales / VP Sales
AFAS Software,afas.nl,Leusden,Utrecht,Netherlands,Enterprise Software (ERP/HRM),"Family-owned Dutch ERP software serving 14,000+ clients with integrated business software.",200000000,720,3,tier1,Family-owned,1996,No,75,False,False,100,NL_IT_Software,1,Head of Sales / VP Sales
TOPdesk,topdesk.com,Delft,Zuid-Holland,Netherlands,Enterprise Software (ITSM/ESM),IT service management and enterprise service management SaaS platform. Offices in 8 countries.,175000000,900,3,tier1,Private (founder-led),1993,No,75,False,False,100,NL_IT_Software,1,Head of Sales / VP Sales
ilionx,ilionx.com,Utrecht,Utrecht,Netherlands,IT Services / Software Development,"IT services: consultation, software development, implementation for government and SMEs.",150000000,1400,3,tier1,Private,2004,No,75,False,False,100,NL_IT_Software,1,Head of Sales / VP Sales
OGD ict-diensten,ogd.nl,Delft,Zuid-Holland,Netherlands,IT Services / Infrastructure,"Full-service IT provider: infrastructure, end-user management, software, BI, service desk.",150000000,1400,3,tier1,PE-backed,1988,No,75,False,False,100,NL_IT_Software,1,Head of Sales / VP Sales
Plat4mation,plat4mation.com,Utrecht,Utrecht,Netherlands,IT Services (ServiceNow Partner),Largest pure-play ServiceNow Elite Partner in EMEA. 30% CAGR.,80000000,650,3,tier1,Private,2013,No,75,False,False,100,NL_IT_Software,1,Head of Sales / VP Sales
Leaseweb,leaseweb.com,Amsterdam,Noord-Holland,Netherlands,Cloud Infrastructure / IaaS,"Global IaaS provider with 26 data centers and 80,000+ servers.",220000000,560,3,tier1,Private,1997,No,75,False,False,100,NL_IT_Software,1,Head of Sales / VP Sales
Bynder,bynder.com,Amsterdam,Noord-Holland,Netherlands,B2B SaaS / Digital Asset Management,DAM platform for brands. 20% of Fortune 500 are customers. Forrester Leader.,120000000,600,3,tier1,PE-backed,2013,No,75,False,False,100,NL_IT_Software,1,Head of Sales / VP Sales
Bird,bird.com,Amsterdam,Noord-Holland,Netherlands,Cloud Communications / CPaaS,"Cloud communications platform: SMS, voice, chat, email. 15,000+ customers in 170+ countries.",800000000,900,3,tier1,Private (VC-backed),2011,No,75,False,False,100,NL_IT_Software,1,Head of Sales / VP Sales
Planon,planonsoftware.com,Nijmegen,Gelderland,Netherlands,Enterprise Software (IWMS/FM),"Global leader in IWMS software for building and facilities management. 3,250 clients.",155000000,1160,3,tier1,Subsidiary (Schneider Electric),1982,No,75,False,False,100,NL_IT_Software,1,Head of Sales / VP Sales
ORTEC,ortec.com,Zoetermeer,Zuid-Holland,Netherlands,Enterprise Software / Optimization,"Mathematical optimization and analytics for supply chain, logistics, workforce planning.",195000000,1100,3,tier1,Private,1981,No,75,False,False,100,NL_IT_Software,1,Head of Sales / VP Sales
Enreach,enreach.com,Amersfoort,Utrecht,Netherlands,Telecommunications / UCaaS / CCaaS,"European UCaaS/CCaaS leader: cloud communications, VoIP, contact center.",200000000,500,3,tier1,PE-backed (Waterland),2018,No,75,False,False,100,NL_IT_Software,1,Head of Sales / VP Sales
Sioen Industries,sioen.com,Ardooie,Flanders,Belgium,Technical Textiles & Protective Clothing,Global leader in technical textiles and professional protective clothing. 40+ locations.,187000000,1200,3,tier1,Public (Euronext),1960,No,75,False,False,100,BE_Manufacturing; Wholesale_Associations,2,Head of Sales / VP Sales
Banken Champignons Group,bankenchampignons.com,Maasdriel,Gelderland,Netherlands,Food Processing / Agri,International leader in mushroom cultivation and processing. Family business since 1956.,150000000,550,3,tier1,Family-owned,1956,No,75,False,False,100,Rankings,1,Head of Sales / VP Sales
Rexel Nederland,rexel.nl,Amsterdam,Noord-Holland,Netherlands,Electrical Wholesale/Distribution,Partner for electrotechnical professionals. Part of Rexel Group.,400000000,800,3,tier1,Subsidiary (Rexel SA),1967,No,75,False,False,100,Wholesale_Associations,1,Head of Sales / VP Sales
Wasco,wasco.nl,Den Bosch,Noord-Brabant,Netherlands,Technical Wholesale (HVAC/Sanitary),"Technical wholesaler: heating, sanitary, ventilation. 35 branches.",350000000,700,3,tier1,Subsidiary (Rexel SA),1970,No,75,False,False,100,Wholesale_Associations,1,Head of Sales / VP Sales
Plieger Groep,plieger.nl,Zaltbommel,Gelderland,Netherlands,Technical Wholesale (Sanitary/Heating),"NL's largest in sanitary products. Installation, ventilation, electrical.",150000000,750,3,tier1,Subsidiary (GC Gruppe),1948,No,75,False,False,100,Wholesale_Associations,1,Head of Sales / VP Sales
MCB Group,mcb.eu,Valkenswaard,Noord-Brabant,Netherlands,Steel & Metals Distribution,"Wholesale metals: steel, stainless, aluminium, non-ferrous. 80+ years.",300000000,900,3,tier1,Family-owned,1945,No,75,False,False,100,Wholesale_Associations,1,Head of Sales / VP Sales
Nedis,nedis.com,'s-Hertogenbosch,Noord-Brabant,Netherlands,Consumer Electronics Wholesale,Wholesale distribution of consumer electronics. 40+ year history.,160000000,500,3,tier1,Private (Commaxx),1979,No,75,False,False,100,Wholesale_Associations,1,Head of Sales / VP Sales
Rubix Benelux,rubix.com,,,Netherlands,MRO Industrial Distribution,Europe's largest MRO distributor. 50+ Benelux branches. 1.2M+ products.,200000000,500,3,tier1,PE-backed (CD&R),0,No,75,False,False,80,Wholesale_Associations,1,Head of Sales / VP Sales
Frencken Europe,frenckengroup.com,Eindhoven,Noord-Brabant,Netherlands,Precision Manufacturing / Mechatronics,Develops complex advanced modules for semiconductor and medical OEMs.,55000000,455,4,tier1,Public (SGX-listed),1949,No,70,False,False,100,NL_Manufacturing,1,CEO / Managing Director
Holland Colours,hollandcolours.com,Apeldoorn,Gelderland,Netherlands,Specialty Chemicals / Color Masterbatch,"Develops and produces colorants, masterbatches and additives for PVC and PET.",106000000,400,4,tier1,Public (Euronext),1979,No,70,False,False,100,NL_Manufacturing,1,CEO / Managing Director
AnQore,anqore.com,Geleen,Limburg,Netherlands,Chemicals / Acrylonitrile,Specialist chemical supplier at Chemelot campus. Formerly DSM Acrylonitrile.,200000000,300,4,tier1,Private,2015,No,70,False,False,100,NL_Manufacturing,1,CEO / Managing Director
Contiweb,contiweb.com,Boxmeer,Noord-Brabant,Netherlands,Printing Equipment / Web Handling,Global market leader in auxiliary equipment for offset printing.,70000000,150,5,tier1,Private,2004,Yes - world market leader in web offset auxiliary equipment,70,False,False,100,NL_Manufacturing,1,CEO / Managing Director
Airborne Composites,airborne.com,The Hague,Zuid-Holland,Netherlands,Aerospace / Advanced Composites,Advanced composite products and automated manufacturing systems for aerospace and defense.,50000000,200,4,tier1,Private,1995,No,70,False,False,100,NL_Manufacturing,1,CEO / Managing Director
247TailorSteel,247tailorsteel.com,Varsseveld,Gelderland,Netherlands,Online Steel Processing,"Custom laser-cut/bent steel via Sophia AI platform. Facilities in NL, BE, DE.",120000000,360,4,tier1,Private,2007,No,70,False,False,100,NL_Manufacturing,1,CEO / Managing Director
Ebusco,ebusco.com,Deurne,Noord-Brabant,Netherlands,Electric Bus Manufacturing,Developer and manufacturer of zero-emission buses and charging systems.,30000000,345,4,tier1,Public (Euronext),2012,No,70,False,False,100,NL_Manufacturing,1,CEO / Managing Director
Schuberg Philis,schubergphilis.com,Schiphol-Rijk,Noord-Holland,Netherlands,Managed IT Infrastructure / Cloud,Premium managed IT services. Ranked #1 IT company in NL by Whitelane Research.,88000000,490,4,tier1,PE-backed (Bridgepoint),2001,No,70,False,False,100,NL_IT_Software,1,CEO / Managing Director
Eurofiber,eurofiber.com,Maarssen,Utrecht,Netherlands,Telecommunications / Fiber Infrastructure,"Critical fiber-optic infrastructure: 76,000 km network across NL/BE/FR/DE.",217000000,450,4,tier1,PE-backed (Antin),2000,No,70,False,False,100,NL_IT_Software,1,CEO / Managing Director
Fox-IT,fox-it.com,Delft,Zuid-Holland,Netherlands,Cybersecurity,"Leading Dutch cybersecurity: threat intelligence, forensics, MDR for government and defense.",50000000,350,4,tier1,Subsidiary (NCC Group),1999,No,70,False,False,100,NL_IT_Software,1,CEO / Managing Director
Sendcloud,sendcloud.com,Eindhoven,Noord-Brabant,Netherlands,B2B SaaS / Shipping & Logistics,"All-in-one shipping platform for e-commerce: 100+ carriers, 60+ integrations.",70000000,475,4,tier1,Private (VC-backed),2012,No,70,False,False,100,NL_IT_Software,1,CEO / Managing Director
Wortell,wortell.nl,Lijnden,Noord-Holland,Netherlands,Managed IT / Microsoft Cloud,Leading Microsoft Cloud partner. Own SOC. 2x Microsoft Partner of the Year NL.,50000000,350,4,tier1,PE-backed,1997,No,70,False,False,100,NL_IT_Software,1,CEO / Managing Director
Software Improvement Group,softwareimprovementgroup.com,Amsterdam,Noord-Holland,Netherlands,Software Quality & Security Analytics,World's first ISO/IEC 17025 accredited software quality lab. 400+ enterprise clients.,30000000,250,4,tier1,Private,2000,No,70,False,False,100,NL_IT_Software,1,CEO / Managing Director
DataSnipper,datasnipper.com,Amsterdam,Noord-Holland,Netherlands,Software / AI Automation,"Intelligent automation platform for auditors. 400,000+ users in 125 countries.",50000000,200,4,tier1,Private (VC-backed),2017,No,70,False,False,100,NL_IT_Software,1,CEO / Managing Director
Effectory,effectory.com,Amsterdam,Noord-Holland,Netherlands,Software / SaaS (Employee Feedback),"Europe's largest provider of employee feedback SaaS solutions. 1,000+ organizations in 110 countries.",38000000,251,4,tier1,Private,1996,No,70,False,False,100,NL_IT_Software,1,CEO / Managing Director
Vandewiele Group,vandewiele.com,Kortrijk,Flanders,Belgium,Textile Machinery,World leader in mechatronics solutions and textile machinery.,918000000,3827,1,tier1,Family-owned,1880,Yes - world leader in textile machinery,70,False,False,100,BE_Manufacturing,1,Head of Sales / VP Sales
FN Herstal,fnherstal.com,Herstal,Wallonia,Belgium,Defense & Firearms,World-leading manufacturer of small arms and weapon systems. 100+ countries.,1000000000,3000,1,tier1,Government-owned,1889,Yes - world leader in small arms,70,False,False,100,BE_Manufacturing,1,Head of Sales / VP Sales
Niko Group,niko.eu,Sint-Niklaas,Flanders,Belgium,Electrical / Home Automation,Belgian market leader in switching materials and smart building solutions.,200000000,750,3,tier1,Family-owned,1919,No,70,False,False,100,BE_Manufacturing,1,Head of Sales / VP Sales
Resilux,resilux.com,Wetteren,Flanders,Belgium,PET Packaging,"International manufacturer of PET preforms and bottles for beverages, food, cosmetics.",400000000,500,3,tier1,Public (Euronext),1994,No,70,False,False,100,BE_Manufacturing,1,Head of Sales / VP Sales
BMT Aerospace,bmtaerospace.com,Oostkamp,Flanders,Belgium,Aerospace Manufacturing,"Flight safety gearing, gearbox assemblies, shafts and couplings for aircraft.",100000000,560,3,tier1,Private,1979,No,70,False,False,100,BE_Manufacturing,1,Head of Sales / VP Sales
Vandersanden,vandersanden.com,Bilzen,Flanders,Belgium,Building Materials / Bricks,Europe's largest family-owned producer of handform bricks. 10 production sites.,200000000,800,3,tier1,Family-owned,1925,No,70,False,False,100,BE_Manufacturing,1,Head of Sales / VP Sales
Aertssen Group,aertssen.be,Stabroek,Flanders,Belgium,Construction & Industrial Services,"Authority in Belgium for infrastructure works, crane rental and exceptional transport.",100000000,2500,3,tier1,Private,1963,No,70,False,False,100,BE_Manufacturing,1,Head of Sales / VP Sales
UnifiedPost Group,unifiedpostgroup.com,La Hulpe,Walloon Brabant,Belgium,Digital Document Processing / SaaS,"Digital platform for e-invoicing, e-identity, e-payments. 484K+ subscription customers.",191000000,1320,3,tier1,Public (Euronext),2001,No,70,False,False,100,BE_IT_Luxembourg,1,Head of Sales / VP Sales
Efficy CRM,efficy.com,Brussels,Brussels-Capital,Belgium,CRM / Enterprise Software / SaaS,"Europe's leading flexible CRM. 13,500+ customers, 330,000+ users.",55000000,750,3,tier1,PE-backed,2005,No,70,False,False,100,BE_IT_Luxembourg,1,Head of Sales / VP Sales
Euro-Composites,euro-composites.com,Echternach,Luxembourg,Luxembourg,Composite Materials / Aerospace,"Global composite materials manufacturer for aerospace, defense. NATO-approved.",140000000,1050,3,tier1,Private (Schutz Group),1694,No,70,False,False,100,BE_IT_Luxembourg,1,Head of Sales / VP Sales
Severfield Steel Construction,severfield.eu,Rijssen,Overijssel,Netherlands,Steel Construction,"Designs, manufactures and delivers steel construction projects. 30,000 tonnes annual capacity.",50000000,200,4,tier1,Subsidiary (UK),1961,No,70,False,False,100,Rankings,1,CEO / Managing Director
Brenntag Nederland,brenntag.com,Dordrecht,Zuid-Holland,Netherlands,Chemical Distribution,Global market leader in chemical distribution. NL operations.,300000000,275,4,tier1,Subsidiary (Brenntag SE),1874,No,70,False,False,100,Wholesale_Associations,1,CEO / Managing Director
Cebeo,cebeo.be,Halle,Flanders,Belgium,Electrical Wholesale/Distribution,Leader in Belgium in B2B distribution of electrical equipment. 55 branches.,540000000,800,3,tier1,Subsidiary (Sonepar),0,No,70,False,False,90,Wholesale_Associations,1,Head of Sales / VP Sales
itsme Group,itsme.eu,Brussels,Brussels,Belgium,Industrial Technical Distribution,International independent group: innovative technology for industry and machine building.,95000000,550,3,tier1,Family-owned,0,No,70,False,False,90,Wholesale_Associations,1,Head of Sales / VP Sales
Thermaflex,thermaflex.com,Waalwijk,Noord-Brabant,Netherlands,Insulation & Pre-Insulated Piping,"Thermal insulation solutions for distribution of water, heat, cooling and air.",50000000,250,4,tier1,Private,1976,No,70,False,False,100,Wholesale_Associations,1,CEO / Managing Director
DAF Trucks,daf.com,Eindhoven,Noord-Brabant,Netherlands,Truck Manufacturing,Designs and manufactures heavy-duty trucks with engine factory and final assembly in Eindhoven.,3500000000,6186,1,tier1,Subsidiary (PACCAR),1928,No,65,False,False,100,NL_Manufacturing; Wholesale_Associations,2,Head of Sales / VP Sales
Moba Group,moba.net,Barneveld,Gelderland,Netherlands,Egg Grading / Packing Equipment,World-leading manufacturer of egg grading and packing machines from 14 locations worldwide.,237000000,800,3,unknown,Family-owned,1947,Yes - world market leader in egg grading equipment,65,False,False,100,NL_Manufacturing,1,Head of Sales / VP Sales
Holmatro,holmatro.com,Raamsdonksveer,Noord-Brabant,Netherlands,Hydraulic Equipment / Rescue Tools,Dutch multinational manufacturing hydraulic equipment for industrial and rescue operations.,100000000,500,3,unknown,Family-owned,1967,Yes - world leader in hydraulic rescue tools,65,False,False,100,NL_Manufacturing,1,Head of Sales / VP Sales
Batenburg Techniek,batenburg.nl,Rotterdam,Zuid-Holland,Netherlands,Industrial Automation / Technical,"Industrial technology company making processes smarter, safer and more sustainable.",200000000,1253,2,tier1,Private,1911,No,65,False,False,100,NL_Manufacturing,1,Head of Sales / VP Sales
Koninklijke Gazelle,gazelle.nl,Dieren,Gelderland,Netherlands,Bicycle / E-bike Manufacturing,Netherlands' most iconic bicycle manufacturer. Dutch market leader in premium segment.,400000000,1000,2,tier1,Subsidiary (Pon Holdings),1892,No,65,False,False,100,NL_Manufacturing,1,Head of Sales / VP Sales
Unit4,unit4.com,Utrecht,Utrecht,Netherlands,Enterprise Software (ERP/FP&A/HCM),"Enterprise software for people-centric organisations. 6,000+ customers.",400000000,2600,2,tier1,PE-backed (TA Associates),1980,No,65,False,False,100,NL_IT_Software,1,Head of Sales / VP Sales
Topicus.com,topicus.com,Deventer,Overijssel,Netherlands,Vertical Market Software,"Pan-European provider of vertical market software platforms across healthcare, education, finance.",494000000,8000,2,tier1,Public (TSX-V),2000,No,65,False,False,100,NL_IT_Software,1,Head of Sales / VP Sales
Conclusion,conclusion.nl,Utrecht,Utrecht,Netherlands,IT Services / Business Transformation,"#1 IT service provider in NL. Multidisciplinary IT services for public transport, healthcare, finance.",240000000,2800,2,tier1,PE-backed (NPM Capital),2003,No,65,False,False,100,NL_IT_Software,1,Head of Sales / VP Sales
Centric,centric.eu,Gouda,Zuid-Holland,Netherlands,IT Services / Software / Outsourcing,"Full-service IT company: software, outsourcing, BPO, staffing. Active across NL, BE, DE.",435000000,4000,2,tier1,Private,1992,No,65,False,False,100,NL_IT_Software,1,Head of Sales / VP Sales
Mendix,mendix.com,Rotterdam,Zuid-Holland,Netherlands,Enterprise Software / Low-Code,Leading enterprise low-code application development platform. Gartner Leader.,200000000,1400,2,tier1,Subsidiary (Siemens),2005,No,65,False,False,100,NL_IT_Software,1,Head of Sales / VP Sales
Materialise,materialise.com,Leuven,Flanders,Belgium,3D Printing / Additive Manufacturing,Pioneer in 3D printing software solutions and manufacturing services.,250000000,2300,2,tier1,Public (Nasdaq / Euronext),1990,No,65,False,False,100,BE_IT_Luxembourg; BE_Manufacturing,2,Head of Sales / VP Sales
AVR Machinery,avr.be,Roeselare,Flanders,Belgium,Agricultural Machinery,Full range of potato and root crop cultivation machinery.,109000000,275,4,tier1,Family-owned (Dewulf),1848,No,65,False,False,100,BE_Manufacturing,1,CEO / Managing Director
Dewulf Group,dewulfgroup.com,Roeselare,Flanders,Belgium,Agricultural Machinery,Leading global manufacturer of agricultural machinery for potato and root crop.,150000000,400,4,tier1,Family-owned,1946,No,65,False,False,100,BE_Manufacturing,1,CEO / Managing Director
Showpad,showpad.com,Ghent,East Flanders,Belgium,Sales Enablement / SaaS,Global leader in revenue enablement technology across 5 continents.,70000000,418,4,tier1,Private (VC-backed),2011,No,65,False,False,100,BE_IT_Luxembourg,1,CEO / Managing Director
Lansweeper,lansweeper.com,Merelbeke,East Flanders,Belgium,IT Asset Management / SaaS,IT asset management and discovery platform. $158M total raised.,70000000,380,4,tier1,Private (VC-backed),2004,No,65,False,False,100,BE_IT_Luxembourg,1,CEO / Managing Director
Circuit Foil Luxembourg,circuitfoil.com,Wiltz,Luxembourg,Luxembourg,Copper Foil Manufacturing,"Global manufacturer of copper foils for PCBs, electronics, and batteries.",50000000,200,4,tier1,Private,1967,No,65,False,False,100,BE_IT_Luxembourg,1,CEO / Managing Director
Ampacet,ampacet.com,Dudelange,Luxembourg,Luxembourg,Plastics / Masterbatch,Global masterbatch manufacturer for color and additive concentrates. EU HQ in LU.,1000000000,200,4,tier1,Private (Family-owned),1937,No,65,False,False,100,BE_IT_Luxembourg,1,CEO / Managing Director
Technische Unie,technischeunie.nl,Amstelveen,Noord-Holland,Netherlands,Technical Wholesale (Electrical/HVAC),"Largest technical wholesaler in NL. 280,000 articles from 700 suppliers.",750000000,1500,2,tier1,Subsidiary (Sonepar),1920,No,65,False,False,100,Wholesale_Associations,1,Head of Sales / VP Sales
BMN Bouwmaterialen,bmn.nl,Nieuwegein,Utrecht,Netherlands,Building Materials Wholesale,Market leader in building materials NL. 81 locations.,400000000,1620,2,tier1,PE-backed (Blackstone),1973,No,65,False,False,100,Wholesale_Associations,1,Head of Sales / VP Sales
Royal Brinkman,royalbrinkman.com,'s-Gravenzande,Zuid-Holland,Netherlands,Horticulture Supplies Wholesale,"Supplier and consultant for professional horticulture. 135+ years. 30,000+ products.",200000000,500,3,tier2,Family-owned,1885,No,65,False,False,100,Wholesale_Associations,1,Head of Sales / VP Sales
Prodrive Technologies,prodrive-technologies.com,Eindhoven,Noord-Brabant,Netherlands,High-Tech Electronics / Mechatronics,"Designs and manufactures high-tech electronics, software, and mechatronic products. Key ASML Tier-1 supplier.",552000000,2000,1,tier1,Private (founder-led),1993,No,60,False,False,100,NL_Manufacturing,1,Head of Sales / VP Sales
VDL Groep,vdlgroep.com,Eindhoven,Noord-Brabant,Netherlands,Industrial Manufacturing / Automotive,"International industrial conglomerate with 100+ subsidiaries in subcontracting, buses, and high-tech systems.",4280000000,14241,1,tier1,Family-owned,1953,No,60,False,False,100,NL_Manufacturing,1,Head of Sales / VP Sales
Koninklijke Nedschroef,nedschroef.com,Helmond,Noord-Brabant,Netherlands,Automotive Supplier / Fasteners,"Develops and supplies fasteners and special parts for automotive, aviation and manufacturing at 20 locations.",570000000,2300,1,tier1,Private,1894,No,60,False,False,100,NL_Manufacturing,1,Head of Sales / VP Sales
Van Oord,vanoord.com,Rotterdam,Zuid-Holland,Netherlands,Dredging / Offshore Wind / Marine,"Global marine contractor for dredging, offshore wind installation with 155+ years of experience.",2500000000,6000,1,tier1,Family-owned,1868,No,60,False,False,100,NL_Manufacturing,1,Head of Sales / VP Sales
Fokker Technologies,gknaerospace.com,Papendrecht,Zuid-Holland,Netherlands,Aerospace Manufacturing,"Develops aerostructures, landing gear and electrical wiring for aerospace and defense.",500000000,4000,1,tier1,Subsidiary (GKN / Melrose),1919,No,60,False,False,100,NL_Manufacturing,1,Head of Sales / VP Sales
Kiremko,kiremko.com,Montfoort,Utrecht,Netherlands,Potato Processing Equipment,"Designs, manufactures and installs complete processing lines for French fries and chips.",50000000,250,4,unknown,Private,1965,Yes - world leader in potato processing equipment,60,False,False,100,NL_Manufacturing,1,CEO / Managing Director
BDR Thermea Group,bdrthermeagroup.com,Apeldoorn,Gelderland,Netherlands,Heating Equipment / Heat Pumps,"Leading manufacturer of heating appliances under brands Remeha, Baxi, De Dietrich.",1800000000,7100,1,tier1,Private,1935,No,60,False,False,100,NL_Manufacturing,1,Head of Sales / VP Sales
WILA,wilatooling.com,Lochem,Gelderland,Netherlands,Press Brake Tooling,World-leading manufacturer of clamping and tooling systems for press brakes.,68000000,350,4,unknown,Private,1963,Yes - world market leader in press brake tooling,60,False,False,100,NL_Manufacturing,1,CEO / Managing Director
Tata Steel Nederland,tatasteelnederland.com,IJmuiden,Noord-Holland,Netherlands,Steel Manufacturing,Netherlands' only integrated steel producer making 7M tonnes of strip steel per year.,8000000000,11500,1,tier1,Subsidiary (Tata Steel),1918,No,60,False,False,100,NL_Manufacturing,1,Head of Sales / VP Sales
ERIKS,eriks.com,Alkmaar,Noord-Holland,Netherlands,Industrial Distribution / Engineering,"Specialized industrial service provider distributing 600,000+ components to 200,000+ customers.",1730000000,7500,1,tier1,PE-backed (Lone Star),1940,No,60,False,False,100,NL_Manufacturing,1,Head of Sales / VP Sales
Pon Holdings,pon.com,Almere,Flevoland,Netherlands,Automotive Distribution / Industrial,"Family-owned mobility and industrial services group distributing VW, MAN, Caterpillar.",8000000000,16000,1,tier1,Family-owned,1895,No,60,False,False,100,NL_Manufacturing,1,Head of Sales / VP Sales
Perfetti Van Melle,perfettivanmelle.com,Breda,Noord-Brabant,Netherlands,Food Manufacturing / Confectionery,"One of world's largest confectionery companies producing Mentos, Chupa Chups.",3700000000,18000,1,tier1,Private (Family),1946,No,60,False,False,100,NL_Manufacturing,1,Head of Sales / VP Sales
NXP Semiconductors,nxp.com,Eindhoven,Noord-Brabant,Netherlands,Semiconductors,"Secure connectivity for automotive, industrial, IoT and mobile applications.",12200000000,34000,1,tier1,Public (Nasdaq),1953,No,60,False,False,100,NL_Manufacturing,1,Head of Sales / VP Sales
Neways Electronics,neways.nl,Son,Noord-Brabant,Netherlands,Electronics Manufacturing,"Contract electronics manufacturer for telecom, medical, industrial, defense, automotive.",644000000,3000,1,tier1,Public,1969,No,60,False,False,100,NL_Manufacturing,1,Head of Sales / VP Sales
Elastic NV,elastic.co,Amsterdam,Noord-Holland,Netherlands,Enterprise Software / Search & Analytics,"Dutch-founded platform for enterprise search, observability, and security.",1400000000,3500,1,tier1,Public (NYSE),2012,No,60,False,False,100,NL_IT_Software,1,Head of Sales / VP Sales
Beaulieu International Group,bintg.com,Wielsbeke,Flanders,Belgium,Flooring & Technical Textiles,"Global specialist in flooring, engineered fibres, technical textiles, polymer raw materials.",2000000000,4500,1,tier1,Family-owned,1959,No,60,False,False,100,BE_Manufacturing; Wholesale_Associations,2,Head of Sales / VP Sales
Recticel,recticel.com,Brussels,Brussels,Belgium,Insulation & Polyurethane,"Leading European manufacturer of insulation boards, panels, and acoustic solutions.",529400000,1255,2,tier1,Public (Euronext),1778,No,60,False,False,100,BE_Manufacturing,1,Head of Sales / VP Sales
Picanol,picanol.be,Ieper,Flanders,Belgium,Weaving Machinery,"High-tech airjet and rapier weaving machines used by 2,600+ mills worldwide.",500000000,1200,2,tier1,Subsidiary (Tessenderlo),1936,No,60,False,False,100,BE_Manufacturing,1,Head of Sales / VP Sales
Melexis,melexis.com,Ieper,Flanders,Belgium,Semiconductor Sensors (Automotive),Integrated circuits and sensors for automotive electronics. 18 chips per new car average.,800000000,1500,2,tier1,Public (Euronext),1988,No,60,False,False,100,BE_Manufacturing,1,Head of Sales / VP Sales
Renson,renson.eu,Waregem,Flanders,Belgium,Ventilation & Sun Protection,"Innovative ventilation, sun protection, and outdoor living solutions.",750000000,1300,2,tier1,Family-owned,1909,No,60,False,False,100,BE_Manufacturing,1,Head of Sales / VP Sales
Bosal,bosal.com,Lummen,Flanders,Belgium,Automotive Exhaust & Towing Systems,Leading manufacturer of exhaust systems and towing equipment for OE and aftermarket.,400000000,2000,2,tier1,Private,1923,No,60,False,False,100,BE_Manufacturing,1,Head of Sales / VP Sales
SABCA,sabca.be,Brussels,Brussels,Belgium,Aerospace Manufacturing,"Metallic and composite aerostructures for civil aviation, defense, and space.",300000000,1200,2,tier1,Private (Orizio / SFPIM),1920,No,60,False,False,100,BE_Manufacturing,1,Head of Sales / VP Sales
Oleon,oleon.com,Ertvelde,Flanders,Belgium,Oleochemicals,Producer of oleochemical products from natural fats and oils for industrial applications.,1000000000,1200,2,tier1,Subsidiary (Avril Group),1950,No,60,False,False,100,BE_Manufacturing,1,Head of Sales / VP Sales
Punch Powertrain,punchpowertrain.com,Sint-Truiden,Flanders,Belgium,Automotive Powertrain,Developer and manufacturer of innovative automotive powertrains including CVT.,500000000,1500,2,tier1,Private,2003,No,60,False,False,100,BE_Manufacturing,1,Head of Sales / VP Sales
Odoo,odoo.com,Grand-Rosiere,Walloon Brabant,Belgium,ERP / Enterprise Software,"Open-source ERP platform: CRM, accounting, inventory, manufacturing. Belgian unicorn.",400000000,6000,2,tier1,Private (VC-backed),2005,No,60,False,False,100,BE_IT_Luxembourg,1,Head of Sales / VP Sales
Collibra,collibra.com,Brussels,Brussels-Capital,Belgium,Data Intelligence / Governance / SaaS,Data intelligence platform. Belgian unicorn. $5.25B valuation.,200000000,1024,2,tier1,Private (VC-backed),2008,No,60,False,False,100,BE_IT_Luxembourg,1,Head of Sales / VP Sales
Esko,esko.com,Ghent,East Flanders,Belgium,Packaging Software & Hardware,"Global provider of packaging, labels, and publishing workflow automation.",400000000,1700,2,tier1,Subsidiary (Veralto),2001,No,60,False,False,100,BE_IT_Luxembourg,1,Head of Sales / VP Sales
IEE Sensing,iee.lu,Bissen,Luxembourg,Luxembourg,Sensor Technology / Automotive,"Sensing solutions: printed electronics, radar, 3D camera for automotive and industrial.",500000000,1019,2,tier1,Private,1989,No,60,False,False,100,BE_IT_Luxembourg,1,Head of Sales / VP Sales
Van Mossel Automotive Group,vanmossel.com,Waalwijk,Noord-Brabant,Netherlands,Automotive Distribution,"Largest automotive company in the Benelux. 150,000+ autos annually. 538 locations.",9500000000,11097,1,tier1,Private,1991,No,60,False,False,100,Rankings,1,Head of Sales / VP Sales
Royal Van Leeuwen Pipe and Tube,vanleeuwen.com,Zwijndrecht,Zuid-Holland,Netherlands,Steel Pipes & Fittings Distribution,"International distributor of steel pipes, valves and fittings. ~70 branches worldwide.",1672000000,2400,1,tier1,Family-owned,1924,No,60,False,False,100,Wholesale_Associations,1,Head of Sales / VP Sales
IMCD,imcdgroup.com,Rotterdam,Zuid-Holland,Netherlands,Specialty Chemicals Distribution,Global leader in specialty chemicals and ingredients distribution. 60+ countries.,4443000000,5200,1,tier1,Public (Euronext),1995,No,60,False,False,100,Wholesale_Associations,1,Head of Sales / VP Sales
Caldic,caldic.com,Rotterdam,Zuid-Holland,Netherlands,Chemicals & Food Ingredients Distribution,"Global distributor for food, nutrition, pharma and industrial markets. 44 countries.",900000000,4000,1,tier1,PE-backed (Advent),1970,No,60,False,False,100,Wholesale_Associations,1,Head of Sales / VP Sales
Boschman Technologies,boschman.nl,Duiven,Gelderland,Netherlands,Semiconductor Packaging Equipment,Advanced semiconductor packaging equipment including transfer molding and sintering systems.,30000000,120,5,tier1,Private,1987,No,55,False,False,100,NL_Manufacturing,1,CEO / Managing Director
Meyn Food Processing,meyn.com,Oostzaan,Noord-Holland,Netherlands,Poultry Processing Equipment,"Global market leader in poultry processing equipment at speeds up to 15,000 birds/hour.",250000000,1000,2,unknown,Private,1959,Yes - world market leader in poultry processing,55,False,False,100,NL_Manufacturing,1,Head of Sales / VP Sales
Heras,heras.com,Oirschot,Noord-Brabant,Netherlands,Perimeter Security / Fencing,Europe's leading provider of perimeter protection solutions.,220000000,1100,2,unknown,Private (Garda Group),1952,Yes - European market leader in perimeter security,55,False,False,100,NL_Manufacturing,1,Head of Sales / VP Sales
Royal Boon Edam,boonedam.com,Edam,Noord-Holland,Netherlands,Entrance Solutions / Revolving Doors,"Premium manufacturer of revolving doors, security portals and turnstiles. 150+ years.",200000000,1000,2,unknown,Family-owned,1873,Yes - world leader in revolving doors,55,False,False,100,NL_Manufacturing,1,Head of Sales / VP Sales
Malvern Panalytical,malvernpanalytical.com,Almelo,Overijssel,Netherlands,Analytical Instruments,Manufactures X-ray analytical instruments and particle characterization equipment.,300000000,2000,2,unknown,Subsidiary (Spectris),1948,Yes - world leader in X-ray diffraction instruments,55,False,False,100,NL_Manufacturing,1,Head of Sales / VP Sales
Bakker Magnetics,bakkermagnetics.com,Son,Noord-Brabant,Netherlands,Magnetic Solutions Manufacturing,"Permanent magnet assemblies for e-mobility, renewable energy, marine, metal separation.",17000000,100,5,tier1,Family-owned,1971,No,55,False,False,100,NL_Manufacturing,1,CEO / Managing Director
Eye Security,eye.security,The Hague,Zuid-Holland,Netherlands,Cybersecurity,Protects European SMEs from cyber threats with endpoint monitoring and 24/7 response.,20000000,100,5,tier1,Private (VC-backed),2020,No,55,False,False,100,NL_IT_Software,1,CEO / Managing Director
Thinkwise,thinkwisesoftware.com,Apeldoorn,Gelderland,Netherlands,Enterprise Software / Low-Code ERP,Only vendor globally with a low-code platform for custom ERP. 32+ countries.,20000000,143,5,tier1,Private (founder-led),2002,No,55,False,False,100,NL_IT_Software,1,CEO / Managing Director
Nearfield Instruments,nearfieldinstruments.com,Rotterdam,Zuid-Holland,Netherlands,Semiconductor Metrology,Advanced metrology and inspection for semiconductor industry. Deloitte Fast 50 Deep-Tech.,10000000,50,5,tier1,Private (VC-backed),2016,No,55,False,False,100,NL_IT_Software,1,CEO / Managing Director
Bekaert,bekaert.com,Zwevegem,Flanders,Belgium,Steel Wire & Coatings,"Global leader in steel wire transformation and coatings for construction, automotive, energy.",5100000000,28000,1,tier1,Public (Euronext),1880,No,55,False,False,100,BE_Manufacturing,1,Head of Sales / VP Sales
Umicore,umicore.com,Brussels,Brussels,Belgium,Materials Technology & Recycling,"Global materials technology and recycling group for catalysis, energy, precious metals.",3600000000,11000,1,tier1,Public (Euronext),1805,No,55,False,False,100,BE_Manufacturing,1,Head of Sales / VP Sales
Solvay (Syensqo),solvay.com,Brussels,Brussels,Belgium,Specialty Chemicals,Major specialty chemicals group producing polymers and advanced materials.,5200000000,22000,1,tier1,Public (Euronext),1863,No,55,False,False,100,BE_Manufacturing,1,Head of Sales / VP Sales
Etex,etex.com,Zaventem,Flanders,Belgium,Building Materials,"Global manufacturer of lightweight building materials: fibre cement, plasterboard, insulation.",3808000000,13777,1,tier1,Family-owned,1905,No,55,False,False,100,BE_Manufacturing,1,Head of Sales / VP Sales
Tessenderlo Group,tessenderlo.com,Brussels,Brussels,Belgium,Diversified Chemicals & Industrial,"Diversified industrial group: agro, industrial solutions, bio-valorization, machinery (Picanol).",2900000000,7231,1,tier1,Public (Euronext),1919,No,55,False,False,100,BE_Manufacturing,1,Head of Sales / VP Sales
John Cockerill,johncockerill.com,Seraing,Wallonia,Belgium,Industrial Engineering & Defense,"Walloon industrial engineering: machinery for steel plants, boilers, defense, energy.",1200000000,4600,1,tier1,Private,1817,No,55,False,False,100,BE_Manufacturing,1,Head of Sales / VP Sales
Sonaca,sonaca.com,Gosselies,Wallonia,Belgium,Aerospace Structures,Aerospace company specializing in advanced aerostructures and wing components.,633700000,3861,1,tier1,SRIW-owned,1931,No,55,False,False,100,BE_Manufacturing,1,Head of Sales / VP Sales
DEME Group,deme-group.com,Zwijndrecht,Flanders,Belgium,Dredging & Offshore Energy,"International marine engineering: dredging, offshore wind, environmental remediation.",4100000000,5822,1,tier1,Subsidiary (Ackermans & van Haaren),1991,No,55,False,False,100,BE_Manufacturing,1,Head of Sales / VP Sales
Jan De Nul Group,jandenul.com,Aalst,Flanders,Belgium,Dredging & Offshore Energy,"Family-owned dredging and marine engineering. Offshore wind installation, land reclamation.",2900000000,7491,1,tier1,Family-owned,1938,No,55,False,False,100,BE_Manufacturing,1,Head of Sales / VP Sales
Sibelco,sibelco.com,Antwerp,Flanders,Belgium,Industrial Minerals,"Global specialist in industrial minerals: silica, clays, recycled glass.",3000000000,5000,1,tier1,Private,1872,No,55,False,False,100,BE_Manufacturing,1,Head of Sales / VP Sales
AGC Glass Europe,agc-glass.eu,Louvain-la-Neuve,Wallonia,Belgium,Flat Glass Manufacturing,"European branch producing flat glass for construction, automotive, solar. 18 float glass lines.",3000000000,14500,1,tier1,Subsidiary (AGC Inc.),1961,No,55,False,False,100,BE_Manufacturing,1,Head of Sales / VP Sales
Reynaers Aluminium,reynaers.com,Duffel,Flanders,Belgium,Aluminium Building Systems,"European leader in aluminium and steel building components for windows, doors, facades.",703000000,2650,1,tier1,Family-owned,1965,No,55,False,False,100,BE_Manufacturing,1,Head of Sales / VP Sales
Smulders,smulders.com,Hoboken,Flanders,Belgium,Steel Construction / Offshore Wind,European market leader in steel structures for offshore wind foundations and bridges.,500000000,2000,1,tier1,Subsidiary (Eiffage),1966,No,55,False,False,100,BE_Manufacturing,1,Head of Sales / VP Sales
Ontex Group,ontex.com,Aalst,Flanders,Belgium,Hygiene Products Manufacturing,Major European manufacturer of disposable personal hygiene products for B2B.,2200000000,7000,1,tier1,Public (Euronext),1979,No,55,False,False,100,BE_Manufacturing,1,Head of Sales / VP Sales
Nyrstar,nyrstar.com,Balen,Flanders,Belgium,Zinc Smelting & Metal Processing,One of the world's largest zinc smelters producing SHG zinc and ZAMAK alloys.,3000000000,4000,1,tier1,Subsidiary (Trafigura),1888,No,55,False,False,100,BE_Manufacturing,1,Head of Sales / VP Sales
Cegeka,cegeka.com,Hasselt,Limburg,Belgium,IT Services / Cloud / Managed Services,"Full-service ICT provider: cloud, security, managed infrastructure. 17 countries.",1300000000,10000,1,tier1,Family-owned,1992,No,55,False,False,100,BE_IT_Luxembourg,1,Head of Sales / VP Sales
Cronos Group,cronos-groep.be,Kontich,Antwerp,Belgium,IT Services / Software,Belgium's largest technology group: 500+ specialized companies in IT and digital.,1600000000,9000,1,tier1,Private (cooperative),1991,No,55,False,False,100,BE_IT_Luxembourg,1,Head of Sales / VP Sales
NRB Group,nrb.be,Herstal,Liege,Belgium,IT Infrastructure / Cloud,"Major Belgian ICT player: consultancy, software, infrastructure, cloud services.",638000000,3670,1,tier1,Private (Ethias/Nethys),1987,No,55,False,False,100,BE_IT_Luxembourg,1,Head of Sales / VP Sales
team.blue,team.blue,Ghent,East Flanders,Belgium,Cloud Hosting / Digital Services,"European digital enablement platform: 3.3M SMB customers, 10.6M domains.",850000000,4000,1,tier1,PE-backed (Hg Capital),2019,No,55,False,False,100,BE_IT_Luxembourg,1,Head of Sales / VP Sales
ArcelorMittal,arcelormittal.com,Luxembourg City,Luxembourg,Luxembourg,Steel Manufacturing,World's second-largest steel producer. 9 industrial sites in Luxembourg.,60000000000,3520,1,tier1,Public (Euronext),2006,No,55,False,False,100,BE_IT_Luxembourg,1,Head of Sales / VP Sales
Aperam,aperam.com,Luxembourg City,Luxembourg,Luxembourg,Stainless & Specialty Steel,Global stainless and specialty steel. Spun off from ArcelorMittal 2011.,6500000000,11700,1,tier1,Public (Euronext),2011,No,55,False,False,100,BE_IT_Luxembourg,1,Head of Sales / VP Sales
SES,ses.com,Betzdorf,Luxembourg,Luxembourg,Satellite Telecommunications,Global satellite operator providing video and data connectivity via GEO/MEO constellation.,2001000000,2118,1,tier1,Public (Euronext),1985,No,55,False,False,100,BE_IT_Luxembourg,1,Head of Sales / VP Sales
ConstruSteel,construsteel.com,Den Ham,Overijssel,Netherlands,Software / Construction Tech,Market leader in Europe for specialized ERP/MRP software for steel construction.,10000000,30,5,tier1,Private,2000,No,55,False,False,100,Rankings,1,CEO / Managing Director
Nmbrs,nmbrs.com,Amsterdam,Noord-Holland,Netherlands,Software / HR & Payroll,"Cloud-native HR and payroll software. 100,000+ companies. Part of Visma.",25000000,120,5,tier1,Subsidiary (Visma),2008,No,55,False,False,100,Rankings,1,CEO / Managing Director
Berdal,berdal.com,Vaassen,Gelderland,Netherlands,Rubber & Plastics Manufacturing,European market leader in plastic and rubber products for construction.,30000000,100,5,tier1,Private,1945,No,55,False,False,100,Rankings,1,CEO / Managing Director
Prowise,prowise.com,Budel,Noord-Brabant,Netherlands,EdTech / Hardware Manufacturing,Interactive touchscreen displays and educational software. Made in Europe. 24+ countries.,60000000,162,5,tier1,Private (founder-led),2013,No,55,False,False,100,Rankings,1,CEO / Managing Director
Baril Coatings,barilcoatings.com,Dieren,Gelderland,Netherlands,Chemical Manufacturing / Coatings,Sustainable paint/coatings replacing fossil raw materials.,10000000,50,5,tier1,Private,1999,No,55,False,False,100,Rankings,1,CEO / Managing Director
BENGglas,bengglas.nl,Beilen,Drenthe,Netherlands,Glass Manufacturing / Construction,Vacuum insulation glass manufacturer. FD Gazellen 2025 Top 5.,10000000,50,5,tier1,Private,2016,No,55,False,False,100,Rankings,1,CEO / Managing Director
TVH Group,tvh.com,Waregem,Flanders,Belgium,Material Handling & Industrial Parts,One of world's largest distributors of replacement parts for material handling.,2000000000,5500,1,tier1,Family-owned,1969,No,55,False,False,100,Wholesale_Associations,1,Head of Sales / VP Sales
Azelis,azelis.com,Antwerp,Flanders,Belgium,Specialty Chemicals Distribution,Global distributor of food ingredients and specialty chemicals. 63 countries.,4200000000,4300,1,tier1,Public (Euronext),1996,No,55,False,False,100,Wholesale_Associations,1,Head of Sales / VP Sales
TKH Group,tkhgroup.com,Haaksbergen,Overijssel,Netherlands,Technology / Smart Vision / Connectivity,"Smart Vision, Smart Manufacturing (tire building via VMI), Smart Connectivity (fiber optic).",1900000000,6000,1,unknown,Public (Euronext),1930,Yes - via VMI in tire building machinery,50,False,False,100,NL_Manufacturing,1,Head of Sales / VP Sales
Mammoet,mammoet.com,Schiedam,Zuid-Holland,Netherlands,Heavy Lifting / Engineered Transport,World's largest engineered heavy-lifting and transport company.,5000000000,7000,1,unknown,Private (SHV Holdings),1971,Yes - world's largest heavy lift and transport company,50,False,False,100,NL_Manufacturing,1,Head of Sales / VP Sales
Signify,signify.com,Eindhoven,Noord-Brabant,Netherlands,Lighting Technology / IoT,World leader in lighting. Connected lighting systems with Philips and Interact brands.,6700000000,10000,1,unknown,Public (Euronext),1891,Yes - world leader in lighting,50,False,False,100,NL_Manufacturing,1,Head of Sales / VP Sales
Mollie,mollie.com,Amsterdam,Noord-Holland,Netherlands,Fintech / B2B Payments,"B2B payments platform serving 250,000+ businesses with online payment processing.",120000000,900,3,unknown,PE-backed (unicorn),2004,No,50,False,False,100,NL_IT_Software,1,Head of Sales / VP Sales
Nedap,nedap.com,Groenlo,Gelderland,Netherlands,Technology / Security & IoT,"Technology company: security management, healthcare, retail RFID, staffing. Listed since 1947.",262000000,900,3,unknown,Public (Euronext),1929,No,50,False,False,100,NL_IT_Software,1,Head of Sales / VP Sales
TechWolf,techwolf.ai,Ghent,East Flanders,Belgium,AI / Workforce Intelligence / SaaS,"AI talent intelligence platform. $55M raised. Clients: United Airlines, IQVIA.",30000000,80,5,tier1,Private (VC-backed),2018,No,50,False,False,100,BE_IT_Luxembourg,1,CEO / Managing Director
Guardsquare,guardsquare.com,Leuven,Flemish Brabant,Belgium,Cybersecurity / Mobile App Security,Leading mobile application security platform. KU Leuven spin-off.,20000000,150,5,tier1,Private (VC-backed),2014,No,50,False,False,100,BE_IT_Luxembourg,1,CEO / Managing Director
Intigriti,intigriti.com,Antwerp,Antwerp,Belgium,Cybersecurity / Bug Bounty,Crowdsourced cybersecurity platform connecting businesses with ethical hackers.,15000000,100,5,tier1,Private (VC-backed),2016,No,50,False,False,100,BE_IT_Luxembourg,1,CEO / Managing Director
BrightAnalytics,brightanalytics.eu,Roeselare,West Flanders,Belgium,Financial Reporting Software / SaaS,"Consolidated financial and operational reporting platform. 1,000+ clients.",5000000,50,5,tier1,Private,2014,No,50,False,False,100,BE_IT_Luxembourg,1,CEO / Managing Director
Azumuta,azumuta.com,Ghent,East Flanders,Belgium,Manufacturing Software / SaaS,"Connected worker platform for manufacturing: digital work instructions, quality.",5000000,50,5,tier1,Private (VC-backed),2020,No,50,False,False,100,BE_IT_Luxembourg,1,CEO / Managing Director
Xeryon,xeryon.com,Leuven,Flemish Brabant,Belgium,Precision Motion / Manufacturing,World's smallest and fastest piezo motors. KU Leuven spin-off.,10000000,50,5,tier1,Private,2013,No,50,False,False,100,BE_IT_Luxembourg,1,CEO / Managing Director
Vertuoza,vertuoza.com,Nivelles,Walloon Brabant,Belgium,Construction Software / SaaS,Construction management platform. EUR 1.6B invoiced through platform.,10000000,50,5,tier1,Private (VC-backed),2018,No,50,False,False,100,BE_IT_Luxembourg,1,CEO / Managing Director
OTIV,otiv.ai,Ghent,East Flanders,Belgium,AI / Rail Automation,AI-powered autonomous train solutions. Deloitte Fast 50 BE 2025 winner.,10000000,30,5,tier1,Private (VC-backed),2020,No,50,False,False,100,BE_IT_Luxembourg,1,CEO / Managing Director
LuxTrust,luxtrust.com,Luxembourg City,Luxembourg,Luxembourg,Digital Trust / Cybersecurity,"eIDAS-qualified trust service provider for digital signatures, eID, compliance.",25000000,100,5,tier1,Public-Private,2005,No,50,False,False,100,BE_IT_Luxembourg,1,CEO / Managing Director
Iscal Sugar,iscal.be,Fontenoy,Wallonia,Belgium,Food Manufacturing,World's first B Corp certified sugar company. Industrial and wholesale customers.,116000000,170,5,tier1,Private,2003,No,50,False,False,100,Rankings,1,CEO / Managing Director
Munckhof,munckhof.nl,Horst,Limburg,Netherlands,Mobility Services / Transport,Mobility and travel management company. Best Managed for 12 consecutive years.,100000000,500,3,unknown,Private,1925,No,50,False,False,100,Rankings,1,Head of Sales / VP Sales
Kramp Groep,kramp.com,Varsseveld,Gelderland,Netherlands,Agricultural Parts Wholesale,Europe's largest specialist in spare parts for agricultural industry.,650000000,3500,1,tier2,PE-backed (NPM Capital),1951,No,50,False,False,100,Wholesale_Associations,1,Head of Sales / VP Sales
Fastned,fastned.nl,Amsterdam,Noord-Holland,Netherlands,EV Charging Infrastructure,Builds and operates fast-charging stations across Europe with 100% renewable energy.,60000000,300,4,unknown,Public (Euronext),2012,No,45,False,False,100,NL_IT_Software,1,CEO / Managing Director
Magotteaux,magotteaux.com,Vaux-sous-Chevremont,Wallonia,Belgium,Wear Solutions for Mining & Cement,World leader in grinding media and wear-resistant solutions for mining and cement.,750000000,2800,1,unknown,Subsidiary (Sigdo Koppers),1920,Yes - world leader in grinding media,45,False,False,100,BE_Manufacturing,1,Head of Sales / VP Sales
EVS Broadcast Equipment,evs.com,Seraing,Wallonia,Belgium,Broadcast Video Technology,Leading manufacturer of live video production hardware and software worldwide.,209000000,729,3,unknown,Public (Euronext),1994,No,45,False,False,100,BE_Manufacturing,1,Head of Sales / VP Sales
Kabelwerk Eupen,eupen.com,Eupen,Wallonia,Belgium,Cables Pipes & Foams,"European manufacturer of power cables, communication cables, plastic pipes, synthetic foams.",230800000,800,3,unknown,Private,1747,No,45,False,False,100,BE_Manufacturing,1,Head of Sales / VP Sales
Easyfairs,easyfairs.com,Ghent,Flanders,Belgium,B2B Events & Exhibitions,Largest privately owned pan-European event company. 200+ events in 14 countries.,194000000,700,3,unknown,Private,1994,No,45,False,False,100,BE_Manufacturing,1,Head of Sales / VP Sales
Televic Group,televic.com,Izegem,West Flanders,Belgium,Communication Technology (B2B),"High-end communication technology for conference, education, healthcare, rail.",220000000,900,3,unknown,Family-owned,1946,No,45,False,False,100,BE_IT_Luxembourg,1,Head of Sales / VP Sales
Royal Ingredients Group,royal-ingredients.com,Alkmaar,Noord-Holland,Netherlands,Food Ingredients Distribution,"Global supplier: starches, proteins, fibers, sweeteners. 500+ customers in 50+ countries.",50000000,77,5,tier2,Private,2007,No,45,False,False,100,Wholesale_Associations,1,CEO / Managing Director
Kendrion,kendrion.com,Amsterdam,Noord-Holland,Netherlands,Electromagnetic Actuators,"Designs electromagnetic actuators for wind turbines, robots, EVs, factory automation.",460000000,2500,2,unknown,Public (Euronext),1859,No,40,False,False,100,NL_Manufacturing,1,Head of Sales / VP Sales
B-CLOSE,b-close.be,Brussels,Brussels,Belgium,Forklift & Material Handling,Largest independent Belgian distributor of A-brand forklifts.,50000000,200,4,unknown,Private,0,No,40,False,False,90,Wholesale_Associations,1,CEO / Managing Director
Strukton,strukton.com,Utrecht,Utrecht,Netherlands,Rail Infrastructure / Civil Engineering,"Design, construction and maintenance of rail systems and civil infrastructure.",500000000,2500,1,unknown,Private,1921,No,35,False,False,100,NL_Manufacturing,1,Head of Sales / VP Sales
Hoppenbrouwers Techniek,hoppenbrouwers.nl,Udenhout,Noord-Brabant,Netherlands,Technical Services / Installation,Royal technical service provider for electrical and mechanical engineering. 100+ years.,500000000,3000,1,unknown,Private,1918,No,35,False,False,100,NL_Manufacturing,1,Head of Sales / VP Sales
Adyen,adyen.com,Amsterdam,Noord-Holland,Netherlands,Fintech / Payments Infrastructure,Global payment platform enabling businesses to accept payments across all channels.,1996000000,4350,1,unknown,Public (Euronext),2006,No,35,False,False,100,NL_IT_Software,1,Head of Sales / VP Sales
TomTom,tomtom.com,Amsterdam,Noord-Holland,Netherlands,B2B Location Technology / Mapping,B2B location technology: maps and navigation for automotive OEMs. Microsoft and Uber client.,574000000,3500,1,unknown,Public (Euronext),1991,No,35,False,False,100,NL_IT_Software,1,Head of Sales / VP Sales
Prayon,prayon.com,Engis,Wallonia,Belgium,Phosphate Chemistry,"Global player in phosphorus chemistry for food, industrial, agricultural use.",659500000,1500,2,unknown,JV (OCP / SRIW),1882,No,35,False,False,100,BE_Manufacturing,1,Head of Sales / VP Sales
Plastiflex Group,plastiflex.com,Beringen,Flanders,Belgium,Flexible Tubing Systems,Global market leader in customized flexible tubing for healthcare and industrial.,200000000,1100,2,unknown,PE-backed (IK Partners),1953,No,35,False,False,100,BE_Manufacturing,1,Head of Sales / VP Sales
Rotarex,rotarex.com,Lintgen,Luxembourg,Luxembourg,Gas Control Equipment,Global designer/manufacturer of premium gas control products. 100+ years.,400000000,1400,2,unknown,Family-owned,1922,No,35,False,False,100,BE_IT_Luxembourg,1,Head of Sales / VP Sales
Qblox,qblox.com,Delft,Zuid-Holland,Netherlands,Quantum Computing Hardware,Global leader in scalable quantum control stacks.,10000000,50,5,unknown,Private (VC-backed),2018,No,30,False,False,100,NL_IT_Software,1,CEO / Managing Director
Aliaxis,aliaxis.com,Brussels,Brussels,Belgium,Plastic Piping Systems,Global leader in advanced plastic piping systems for building and infrastructure.,4100000000,14000,1,unknown,Private,1969,No,30,False,False,100,BE_Manufacturing,1,Head of Sales / VP Sales
Soudal,soudalgroup.com,Turnhout,Flanders,Belgium,Sealants & Adhesives,"Largest independent European manufacturer of sealants, adhesives, and PU foams.",1460000000,4500,1,unknown,Family-owned,1966,No,30,False,False,100,BE_Manufacturing,1,Head of Sales / VP Sales
Barco,barco.com,Kortrijk,Flanders,Belgium,Visualization & Display Technology,"Digital projection, visualization, and collaboration for enterprise, entertainment, healthcare.",947000000,3600,1,unknown,Public (Euronext),1934,No,30,False,False,100,BE_Manufacturing,1,Head of Sales / VP Sales
Puratos,puratos.com,Groot-Bijgaarden,Brussels,Belgium,B2B Food Ingredients,"International B2B supplier of bakery, patisserie, and chocolate ingredients. 100+ countries.",2500000000,10000,1,unknown,Family-owned,1919,No,30,False,False,100,BE_Manufacturing,1,Head of Sales / VP Sales
Agfa-Gevaert,agfa.com,Mortsel,Flanders,Belgium,Imaging & IT Solutions,"Digital imaging, IT systems for printing, healthcare, and industrial applications.",1300000000,7000,1,unknown,Public (Euronext),1867,No,30,False,False,100,BE_Manufacturing,1,Head of Sales / VP Sales
Deceuninck,deceuninck.com,Hooglede-Gits,Flanders,Belgium,PVC Building Systems,"Top 3 independent manufacturer of PVC profiles for windows, doors, building.",857000000,3686,1,unknown,Public (Euronext),1937,No,30,False,False,100,BE_Manufacturing,1,Head of Sales / VP Sales
Lhoist,lhoist.com,Limelette,Wallonia,Belgium,Lime & Minerals,"World's leading producers of lime, dolime, and mineral solutions.",2500000000,6650,1,unknown,Family-owned,1889,No,30,False,False,100,BE_Manufacturing,1,Head of Sales / VP Sales
Vandemoortele,vandemoortele.com,Ghent,Flanders,Belgium,B2B Food Solutions,"Family-owned B2B food company: bakery products, margarines, plant-based food solutions.",2000000000,4094,1,unknown,Family-owned,1899,No,30,False,False,100,BE_Manufacturing,1,Head of Sales / VP Sales
Unilin,unilin.com,Wielsbeke,Flanders,Belgium,Flooring & Wood Panels,"Flooring, insulation, wood panels. Brands: Quick-Step, Moduleo, Pergo. 105 locations.",2600000000,7800,1,unknown,Subsidiary (Mohawk),1960,No,30,False,False,100,BE_Manufacturing,1,Head of Sales / VP Sales
Ceratizit,ceratizit.com,Mamer,Luxembourg,Luxembourg,Hard Materials / Cutting Tools,Leading industrial group in hard material cutting tools and wear protection.,800000000,7000,1,unknown,Private (Plansee Group),1931,No,30,False,False,100,BE_IT_Luxembourg,1,Head of Sales / VP Sales
